driver,dob,first_race_date,driver_nationality
René Arnoux,1948-07-04,1978-01-10,FRA
Nelson Piquet,1952-08-17,1978-07-30,BRA
Jacques Laffite,1943-11-21,1975-01-03,FRA
Didier Pironi,1952-03-26,1978-01-10,FRA
Alan Jones,1946-11-02,1975-03-08,AUS
Keke Rosberg,1948-12-06,1978-01-10,FIN
Derek Daly,1953-03-11,1978-01-10,IRL
Elio de Angelis,1958-03-26,1979-01-07,ITA
Alain Prost,1955-02-24,1980-01-03,FRA
Riccardo Patrese,1954-04-17,1977-03-07,ITA
Emerson Fittipaldi,1946-12-12,1975-01-03,BRA
Carlos Reutemann,1942-04-12,1975-01-03,ARG
Jean-Pierre Jabouille,1942-10-01,1975-06-07,FRA
Jean-Pierre Jarier,1946-07-10,1975-01-03,FRA
John Watson,1946-05-04,1975-01-03,GBR
Gilles Villeneuve,1950-01-18,1977-07-16,CAN
Mario Andretti,1940-02-28,1975-01-03,USA
Jochen Mass,1946-09-30,1975-01-03,DEU
Bruno Giacomelli,1952-09-10,1977-11-09,ITA
Hector Rebaque,1956-02-05,1977-03-07,MEX
Eddie Cheever,1958-01-10,1978-01-15,USA
Andrea de Cesaris,1959-05-31,1980-05-10,ITA
Marc Surer,1951-09-18,1979-07-10,CHE
Nigel Mansell,1953-08-08,1980-08-17,GBR
Niki Lauda,1949-02-22,1975-01-03,AUT
Michele Alboreto,1956-12-23,1981-02-08,ITA
Patrick Tambay,1949-06-25,1977-02-10,FRA
Derek Warwick,1954-08-27,1981-02-08,GBR
Mauro Baldi,1954-01-31,1982-01-23,ITA
Ayrton Senna,1960-03-21,1984-03-06,BRA
Teo Fabi,1955-03-09,1982-01-23,ITA
Philippe Streiff,1955-06-26,1984-10-21,FRA
Thierry Boutsen,1957-07-13,1983-05-06,BEL
Stefan Johansson,1956-09-08,1980-01-13,SWE
Stefan Bellof,1957-11-20,1984-03-06,DEU
Gerhard Berger,1959-08-27,1984-07-10,AUT
Satoru Nakajima,1953-02-23,1987-01-11,JPN
Alessandro Nannini,1959-07-07,1986-03-23,ITA
Maurício Gugelmin,1963-04-20,1988-01-05,BRA
Ivan Capelli,1963-05-24,1985-03-11,ITA
Johnny Herbert,1964-06-25,1989-03-26,GBR
Alex Caffi,1964-03-18,1986-07-09,ITA
Jean Alesi,1964-06-11,1989-01-10,FRA
Martin Donnelly,1964-03-26,1989-09-07,GBR
Éric Bernard,1964-08-24,1989-07-16,FRA
Aguri Suzuki,1960-09-08,1988-10-30,JPN
Roberto Moreno,1959-02-11,1982-03-07,BRA
Stefano Modena,1963-05-12,1987-11-15,ITA
Bertrand Gachot,1962-12-23,1989-03-26,BEL
Gianni Morbidelli,1968-01-13,1990-03-25,ITA
Jyrki Järvilehto,1966-01-31,1989-01-10,FIN
Emanuele Pirro,1962-01-12,1989-01-10,ITA
Alessandro Zanardi,1966-10-23,1991-03-11,ITA
Michael Schumacher,1969-01-03,1991-03-11,DEU
Mark Blundell,1966-04-08,1991-02-06,GBR
Pierluigi Martini,1961-04-23,1984-09-09,ITA
Martin Brundle,1959-06-01,1984-03-06,GBR
Érik Comas,1963-09-28,1991-02-06,FRA
Mika Häkkinen,1968-09-28,1991-02-06,FIN
Damon Hill,1960-09-17,1992-03-05,GBR
Eddie Irvine,1965-11-10,1993-07-11,GBR
Rubens Barrichello,1972-05-23,1993-03-14,BRA
Nicola Larini,1964-03-19,1987-06-09,ITA
Karl Wendlinger,1968-12-20,1991-03-11,AUT
Heinz-Harald Frentzen,1967-05-18,1994-01-05,DEU
Olivier Panis,1966-09-02,1994-01-05,FRA
Christian Fittipaldi,1971-01-18,1992-01-03,BRA
Jos Verstappen,1972-03-04,1994-03-07,NLD
David Coulthard,1971-03-27,1994-05-29,GBR
Mika Salo,1966-11-30,1994-06-11,FIN
Pedro Lamy,1972-03-20,1993-07-11,PRT
Jacques Villeneuve,1971-04-09,1996-02-06,CAN
Pedro Diniz,1970-05-22,1995-01-10,BRA
Ukyo Katayama,1963-05-29,1992-01-03,JPN
Luca Badoer,1971-01-25,1993-03-14,ITA
Giancarlo Fisichella,1973-01-14,1996-02-06,ITA
Ricardo Rosset,1968-07-27,1996-02-06,BRA
Andrea Montermini,1964-05-30,1994-05-29,ITA
Giovanni Lavaggi,1958-02-18,1995-07-30,ITA
Shinji Nakano,1971-04-01,1997-03-30,JPN
Jarno Trulli,1974-07-13,1997-03-30,ITA
Ralf Schumacher,1975-06-30,1997-03-30,DEU
Jan Magnussen,1973-07-04,1995-10-22,DNK
Tarso Marques,1976-01-19,1996-03-31,BRA
Alexander Wurz,1974-02-15,1997-06-15,AUT
Norberto Fontana,1975-01-20,1997-06-29,ARG
Toranosuke Takagi,1974-02-12,1998-01-11,JPN
Esteban Tuero,1978-04-22,1998-01-11,ARG
Marc Gené,1974-03-29,1999-01-08,ESP
Pedro de la Rosa,1971-02-24,1999-01-08,ESP
Ricardo Zonta,1976-03-23,1999-01-08,BRA
Jenson Button,1980-01-19,2000-02-07,GBR
Nick Heidfeld,1977-05-10,2000-02-07,DEU
Gastón Mazzacane,1975-05-08,2000-02-07,ARG
Luciano Burti,1975-03-05,2000-07-16,BRA
Kimi Räikkönen,1979-10-17,2001-01-04,FIN
Enrique Bernoldi,1978-10-19,2001-01-04,BRA
Fernando Alonso,1981-07-29,2001-01-04,ESP
Juan Pablo Montoya,1975-09-20,2001-01-04,COL
Tomáš Enge,1976-09-11,2001-09-16,CZE
Alex Yoong,1976-07-20,2001-09-16,MYS
Allan McNish,1969-12-29,2002-01-09,GBR
Takuma Sato,1977-01-28,2002-01-09,JPN
Mark Webber,1976-08-27,2002-01-09,AUS
Felipe Massa,1981-04-25,2002-01-09,BRA
Cristiano da Matta,1973-09-19,2003-01-06,BRA
Ralph Firman,1975-05-20,2003-01-06,IRL
Nicolas Kiesa,1978-03-03,2003-03-08,DNK
Justin Wilson,1978-07-31,2003-01-06,GBR
Antônio Pizzonia,1980-09-11,2003-01-06,BRA
Zsolt Baumgartner,1981-01-01,2003-08-24,HUN
Christian Klien,1983-02-07,2004-03-21,AUT
Gianmaria Bruni,1981-05-30,2004-03-21,ITA
Giorgio Pantano,1979-02-04,2004-03-21,ITA
Timo Glock,1982-03-18,2004-06-13,DEU
Tiago Monteiro,1976-07-24,2005-03-04,PRT
Christijan Albers,1979-04-16,2005-03-04,NLD
Patrick Friesacher,1980-09-26,2005-03-04,AUT
Narain Karthikeyan,1977-01-14,2005-03-04,IND
Robert Doornbos,1981-09-23,2005-04-09,NLD
Vitantonio Liuzzi,1980-08-06,2005-04-24,ITA
Robert Kubica,1984-12-07,2006-01-10,POL
Scott Speed,1983-01-24,2006-01-10,USA
Nico Rosberg,1985-06-27,2006-01-10,DEU
Sakon Yamamoto,1982-07-09,2006-01-10,JPN
Yuji Ide,1975-01-21,2006-02-04,JPN
Franck Montagny,1978-01-05,2006-02-07,FRA
Lewis Hamilton,1985-01-07,2007-01-07,GBR
Heikki Kovalainen,1981-10-19,2007-01-07,FIN
Adrian Sutil,1983-01-11,2007-01-07,DEU
Anthony Davidson,1979-04-18,2002-01-09,GBR
Sebastian Vettel,1987-07-03,2007-05-08,DEU
Kazuki Nakajima,1985-01-11,2007-10-21,JPN
Sébastien Bourdais,1979-02-28,2008-02-11,FRA
Nelson Piquet Jr.,1985-07-25,2008-02-11,BRA
Sébastien Buemi,1988-10-31,2009-01-11,CHE
Kamui Kobayashi,1986-09-13,2009-01-11,JPN
Romain Grosjean,1986-04-17,2009-01-11,FRA
Jaime Alguersuari,1990-03-23,2009-01-11,ESP
Vitaly Petrov,1984-09-08,2010-01-08,RUS
Nico Hülkenberg,1987-08-19,2010-01-08,DEU
Lucas di Grassi,1984-08-11,2010-01-08,BRA
Bruno Senna,1983-10-15,2010-01-08,BRA
Karun Chandhok,1984-01-19,2010-03-14,IND
Paul di Resta,1986-04-16,2011-03-27,GBR
Jérôme d'Ambrosio,1985-12-27,2011-03-27,BEL
Sergio Pérez,1990-01-26,2011-03-27,MEX
Pastor Maldonado,1985-03-09,2011-03-27,VEN
Daniel Ricciardo,1989-07-01,2011-07-24,AUS
Jean-Éric Vergne,1990-04-25,2012-02-09,FRA
Charles Pic,1990-02-15,2012-02-09,FRA
Valtteri Bottas,1989-08-28,2013-03-11,FIN
Esteban Gutiérrez,1991-08-05,2013-03-11,MEX
Giedo van der Garde,1985-04-25,2013-03-11,NLD
Max Chilton,1991-04-21,2013-03-11,GBR
Jules Bianchi,1989-08-03,2013-03-11,FRA
Kevin Magnussen,1992-10-05,2014-02-11,DNK
Daniil Kvyat,1994-04-26,2014-02-11,RUS
Marcus Ericsson,1990-09-02,2014-03-16,SWE
Will Stevens,1991-06-28,2014-11-23,GBR
Max Verstappen,1997-09-30,2015-01-11,NLD
Carlos Sainz,1994-09-01,2015-01-11,ESP
Alexander Rossi,1991-09-25,2015-01-11,USA
Felipe Nasr,1992-08-21,2015-01-11,BRA
Roberto Merhi,1991-03-22,2015-03-29,ESP
Jolyon Palmer,1991-01-20,2016-01-05,GBR
Pascal Wehrlein,1994-10-18,2016-01-05,DEU
Esteban Ocon,1996-09-17,2016-02-10,FRA
Stoffel Vandoorne,1992-03-26,2016-03-04,BEL
Rio Haryanto,1993-01-22,2016-01-05,IDN
Lance Stroll,1998-10-29,2017-01-10,CAN
Pierre Gasly,1996-02-07,2017-01-10,FRA
Antonio Giovinazzi,1993-12-14,2017-03-26,ITA
Brendon Hartley,1989-11-10,2017-10-22,NZL
Sergey Sirotkin,1995-08-27,2018-01-07,RUS
Charles Leclerc,1997-10-16,2018-01-07,MCO
George Russell,1998-02-15,2019-01-09,GBR
Alexander Albon,1996-03-23,2019-01-09,THA
Lando Norris,1999-11-13,2019-01-09,GBR
Nicholas Latifi,1995-06-29,2020-01-11,CAN
Jack Aitken,1995-09-23,2020-06-12,GBR
Pietro Fittipaldi,1996-06-25,2020-06-12,BRA
Yuki Tsunoda,2000-05-11,2021-01-08,JPN
Mick Schumacher,1999-03-22,2021-01-08,DEU
Nikita Mazepin,1999-03-02,2021-01-08,RUS
Guanyu Zhou,1999-05-30,2022-02-10,CHN
Nyck de Vries,1995-02-06,2022-11-09,NLD
Oscar Piastri,2001-04-06,2023-02-04,AUS
Logan Sargeant,2000-12-31,2023-02-04,USA
Liam Lawson,2002-02-11,2023-03-09,NZL
Franco Colapinto,2003-05-27,2024-01-09,ARG
Oliver Bearman,2005-05-08,2024-03-11,GBR
Jack Doohan,2003-01-20,2024-08-12,AUS
